"Source:","C:\Users\penta\Documents\BikeRadar\RFB\RFB.kicad_sch"
"Date:","2023-05-26 00:34:20"
"Tool:","Eeschema (6.0.4)"
"Generator:","C:\Program Files\KiCad\6.0\bin\scripting\plugins/bom_csv_grouped_by_value_with_fp.py"
"Component Count:","220"
"Ref","Qnty","Value","Cmp name","Footprint","Description","Vendor"
"C1, C2, C3, C4, C6, C8, C9, C13, C14, C16, C21, C35, C36, C37, C38, C39, C40, C41, C42, C43, C44, C45, C46, C47, C49, C71, C72, C73, C74, C76, C79, C80, C82, C83, C85, C86, C87, C91, C92, C94, C95, C97, C100, ","43","100n","C_Small","Capacitor_SMD:C_0402_1005Metric","Unpolarized capacitor, small symbol",""
"C5, C19, C20, C25, C33, C81, C88, C98, C99, C102, C104, C119, C120, C121, C122, C139, C140, C141, ","18","10u","C","Capacitor_SMD:C_0603_1608Metric","Unpolarized capacitor",""
"C7, C11, C12, C24, C34, ","5","470n","C","Capacitor_SMD:C_0402_1005Metric","Unpolarized capacitor",""
"C10, C48, ","2","DNP","C","Capacitor_SMD:C_0402_1005Metric","Unpolarized capacitor",""
"C15, C17, C18, C22, C26, C27, C103, C123, C129, C133, C143, ","11","1u","C","Capacitor_SMD:C_0402_1005Metric","Unpolarized capacitor",""
"C23, C52, C53, C54, C55, C65, C67, C69, C101, C116, C130, C131, C132, ","13","10n","C","Capacitor_SMD:C_0402_1005Metric","Unpolarized capacitor",""
"C28, C29, C59, C60, C61, C62, C63, C64, ","8","3p R","C_Small","Capacitor_SMD:C_0402_1005Metric","Unpolarized capacitor, small symbol",""
"C30, ","1","1n5","C","Capacitor_SMD:C_0402_1005Metric","Unpolarized capacitor",""
"C31, C90, ","2","5p6","C_Small","Capacitor_SMD:C_0402_1005Metric","Unpolarized capacitor, small symbol",""
"C32, ","1","1p5","C","Capacitor_SMD:C_0402_1005Metric","Unpolarized capacitor",""
"C50, C51, C77, C78, ","4","2n2","C","Capacitor_SMD:C_0402_1005Metric","Unpolarized capacitor",""
"C56, C57, C58, C66, C68, C70, C75, C96, ","8","10p","C_Small","Capacitor_SMD:C_0402_1005Metric","Unpolarized capacitor, small symbol",""
"C84, C89, ","2","220p","C_Small","Capacitor_SMD:C_0402_1005Metric","Unpolarized capacitor, small symbol",""
"C93, ","1","4u7","C_Small","Capacitor_SMD:C_0402_1005Metric","Unpolarized capacitor, small symbol",""
"D1, ","1","1.9V 5mA","LED","LED_SMD:LED_0402_1005Metric","Light emitting diode",""
"FB1, FB2, ","2","BLM18PG181SN1D","FerriteBead","Inductor_SMD:L_0603_1608Metric","Ferrite bead",""
"FB7, FB8, ","2","MFBM1V2012-101-R","FerriteBead","Inductor_SMD:L_0805_2012Metric","Ferrite bead",""
"FL1, FL2, FL3, ","3","BAL-UWB-01E3","BAL-UWB-01E3","BAL_UWB_01E3:SOIC-6","Signal Conditioning DFD PROTECTION & FILTER",""
"H1, H2, H3, ","3","MountingHole_Pad","MountingHole_Pad","MountingHole:MountingHole_2.2mm_M2_ISO14580_Pad_TopBottom","Mounting Hole with connection",""
"IC1, ","1","SKY67189-396LF","SKY67189-396LF","Package_SON:WSON-8-1EP_2x2mm_P0.5mm_EP0.9x1.6mm","RF Amplifier",""
"IC2, IC8, IC9, IC10, ","4","TPS74601PBDRVR","TPS74601PBDRVR","Package_SON:WSON-6-1EP_2x2mm_P0.65mm_EP1x1.6mm","Adjustable 1-A low-dropout (LDO) linear regulator with power good",""
"IC3, ","1","ADC3222IRGZT","ADC3222IRGZT","Package_DFN_QFN:QFN-48-1EP_7x7mm_P0.5mm_EP5.6x5.6mm_ThermalVias","Dual-Channel, 12-Bit, 50-MSPS Analog-to-Digital Converter (ADC)",""
"J1, J2, J3, ","3","Conn_Coaxial","Conn_Coaxial","Connector_Coaxial:SMA_Amphenol_901-144_Vertical","coaxial connector (BNC, SMA, SMB, SMC, Cinch/RCA, LEMO, ...)",""
"J4, ","1","Conn_01x16_MountingPin","Conn_01x16_MountingPin","Connector_FFC-FPC:TE_1-1734839-6_1x16-1MP_P0.5mm_Horizontal","Generic connectable mounting pin connector, single row, 01x16, script generated (kicad-library-utils/schlib/autogen/connector/)",""
"J5, ","1","Conn_01x04","Conn_01x04","Connector_PinHeader_1.27mm:PinHeader_1x04_P1.27mm_Vertical","Generic connector, single row, 01x04, script generated (kicad-library-utils/schlib/autogen/connector/)",""
"J6, ","1","Conn_01x03_Male","Conn_01x03_Male","Connector_PinHeader_2.54mm:PinHeader_1x03_P2.54mm_Vertical","Generic connector, single row, 01x03, script generated (kicad-library-utils/schlib/autogen/connector/)",""
"J7, ","1","Conn_01x12_Male","Conn_01x12_Male","Connector_PinSocket_2.54mm:PinSocket_2x06_P2.54mm_Vertical","Generic connector, single row, 01x12, script generated (kicad-library-utils/schlib/autogen/connector/)",""
"J8, ","1","Conn_ARM_JTAG_SWD_10","Conn_ARM_JTAG_SWD_10","Connector_PinHeader_1.27mm:PinHeader_2x05_P1.27mm_Vertical_SMD","Cortex Debug Connector, standard ARM Cortex-M SWD and JTAG interface",""
"J9, ","1","Conn_01x02_Male","Conn_01x02_Male","Connector_PinHeader_2.54mm:PinHeader_1x02_P2.54mm_Vertical","Generic connector, single row, 01x02, script generated (kicad-library-utils/schlib/autogen/connector/)",""
"J10, ","1","Conn_02x06_Odd_Even","Conn_02x06_Odd_Even","Connector_PinHeader_1.00mm:PinHeader_2x06_P1.00mm_Vertical_SMD","Generic connector, double row, 02x06, odd/even pin numbering scheme (row 1 odd numbers, row 2 even numbers), script generated (kicad-library-utils/schlib/autogen/connector/)",""
"L1, L2, L3, L4, ","4","2u2","L","Inductor_SMD:L_0603_1608Metric","Inductor",""
"L5, ","1","4n7","L","Inductor_SMD:L_0402_1005Metric","Inductor",""
"Q1, ","1","PJA3433","Q_PMOS_GSD","Package_TO_SOT_SMD:SOT-23","P-MOSFET transistor, gate/source/drain",""
"R1, R20, R50, R51, R52, R62, R63, ","7","10k","R","Resistor_SMD:R_0402_1005Metric","Resistor",""
"R2, R3, R5, R9, R10, R11, R53, ","7","100","R_Small","Resistor_SMD:R_0402_1005Metric","Resistor, small symbol",""
"R4, R33, R34, R44, ","4","0","R_Small","Resistor_SMD:R_0402_1005Metric","Resistor, small symbol",""
"R6, ","1","13k","R","Resistor_SMD:R_0402_1005Metric","Resistor",""
"R7, R25, R32, ","3","DNP","R_Small","Resistor_SMD:R_0402_1005Metric","Resistor, small symbol",""
"R8, ","1","3R9","R","Resistor_SMD:R_0402_1005Metric","Resistor",""
"R12, R13, R14, R15, ","4","560","R","Resistor_SMD:R_0402_1005Metric","Resistor",""
"R16, R17, R18, R19, ","4","8k2","R","Resistor_SMD:R_0402_1005Metric","Resistor",""
"R21, ","1","180 P","R_Small","Resistor_SMD:R_0402_1005Metric","Resistor, small symbol",""
"R22, ","1","1k","R_Small","Resistor_SMD:R_0402_1005Metric","Resistor, small symbol",""
"R23, ","1","510","R_Small","Resistor_SMD:R_0402_1005Metric","Resistor, small symbol",""
"R24, ","1","2k","R_Small","Resistor_SMD:R_0402_1005Metric","Resistor, small symbol",""
"R26, R27, R28, R29, ","4","49R9","R_Small","Resistor_SMD:R_0402_1005Metric","Resistor, small symbol",""
"R30, ","1","3R7","R_Small","Resistor_SMD:R_0402_1005Metric","Resistor, small symbol",""
"R31, ","1","100k","R_Small","Resistor_SMD:R_0402_1005Metric","Resistor, small symbol",""
"R68, ","1","10k 1%","R","Resistor_SMD:R_0402_1005Metric","Resistor",""
"R69, ","1","4k7 1%","R","Resistor_SMD:R_0402_1005Metric","Resistor",""
"R70, R72, ","2","4k99 1%","R","Resistor_SMD:R_0402_1005Metric","Resistor",""
"R71, R73, ","2","2k2 1%","R","Resistor_SMD:R_0402_1005Metric","Resistor",""
"R74, ","1","8k2 1%","R","Resistor_SMD:R_0402_1005Metric","Resistor",""
"R75, ","1","1k 1%","R","Resistor_SMD:R_0402_1005Metric","Resistor",""
"RV1, ","1","10k","R_Potentiometer","Potentiometer_THT:Potentiometer_Piher_PT-6-H_Horizontal","Potentiometer",""
"U1, ","1","TG2016SMN","TG2520SMN","TG2016SMN:TG2016SMN480000MECGNNM0","",""
"U2, ","1","LMK00304SQ_NOPB","LMK00304SQ_NOPB","Package_DFN_QFN:WQFN-32-1EP_5x5mm_P0.5mm_EP3.1x3.1mm","",""
"U3, ","1","ADA4940-2","ADA4940-2","Package_CSP:LFCSP-24-1EP_4x4mm_P0.5mm_EP2.5x2.5mm_ThermalVias","Ultralow Power, Low Distortion, Fully Differential ADC Drivers, Dual-Channel, LFCSP-24",""
"U4, ","1","LMX2572RHAR","LMX2572RHAR","LMX2572:RHA0040H","",""
"U5, ","1","TLV365DBVR","TLV172IDCK","Package_TO_SOT_SMD:SOT-353_SC-70-5","Low-power Operational Amplifier, SOT-353",""
"U6, ","1","ISO1044UB","ISO1044UB","Package_SO:SOIC-8_3.9x4.9mm_P1.27mm","Isolated CAN Transceiver, SOP-8",""
"U7, ","1","GRF2101","GRF2101","GRF2101:DFN-6-1.5x1.5_1EP","",""
"U8, ","1","ADL5802","ADL5802","Package_CSP:LFCSP-24-1EP_4x4mm_P0.5mm_EP2.5x2.5mm_ThermalVias","100 MHz to 6 GHz Dual Channel Active Mixer, LFCSP-24",""
"U9, ","1","SN74LV1T34DCK","SN74LV1T34DCK","Package_TO_SOT_SMD:SOT-353_SC-70-5","Single Power Supply, Single Buffer GATE, CMOS Logic, Level Shifter, SOT-353",""
"U10, ","1","AZ431LBNTR","LM285Z-ADJ","Package_TO_SOT_SMD:SOT-23","Adjustable Micropower Voltage Reference Diodes, TO-92",""
"U11, ","1","STM32L431CBTx","STM32L431CBTx","Package_QFP:LQFP-48_7x7mm_P0.5mm","ARM Cortex-M4 MCU, 128KB flash, 64KB RAM, 80MHz, 1.71-3.6V, 38 GPIO, LQFP-48",""
"U12, U13, ","2","74LVC1G125","74LVC1G125","Package_TO_SOT_SMD:SOT-353_SC-70-5","Single Buffer Gate Tri-State, Low-Voltage CMOS",""
"U14, ","1","SE5004L","SE5004L","Package_DFN_QFN:QFN-20-1EP_4x4mm_P0.5mm_EP2.5x2.5mm","5 GHz, 26dBm Power Amplifier with Power Detector, QFN-20",""
"U15, ","1","LM321","LM321","Package_TO_SOT_SMD:SOT-23-5","Low Power Single Operational Amplifier, SOT-23-5",""
"U16, ","1","XPR6272ITC5","XPR6272ITC5","Package_TO_SOT_SMD:TO-252-5_TabPin3","",""
"U20, U22, ","2","BD33GA3WNUX","BD33GA5WEFJ","Package_SON:SON-8-1EP_3x2mm_P0.5mm_EP1.4x1.6mm","500mA, 3.3V LDO regulator with OVP & TSP, HTSOP-8",""
